Sno.,UserId,Name,Room_Id
1,1,User_1,1
2,2,User_2,2
3,3,User_3,2
4,4,User_4,2
5,5,User_5,3
6,6,User_6,3
7,7,User_7,3
8,8,User_8,3
9,9,User_9,4
10,10,User_10,4
11,11,User_11,4
12,12,User_12,6
13,13,User_13,6
14,14,User_14,6
15,15,User_15,6
16,16,User_16,7
17,17,User_17,7
18,18,User_18,7
19,19,User_19,7
20,20,User_20,8
21,21,User_21,8
22,22,User_22,8
23,23,User_23,11
24,24,User_24,11
25,25,User_25,14
26,26,User_26,14
27,27,User_27,14
28,28,User_28,17
29,29,User_29,17
30,30,User_30,19
